{"cameraMode":{"drawMode":0,"name":"Shaded","section":"Shading Mode"},"sceneLighting":true,"audioPlay":false,"sceneViewState":{"showFog":true,"showMaterialUpdate":true,"showSkybox":true,"showFlares":true,"showImageEffects":true,"showParticleSystems":true},"in2DMode":false,"pivot":{"x":-2332.168701171875,"y":-482.5841064453125,"z":-223.4732208251953},"rotation":{"x":-0.06974048912525177,"y":0.7344064116477966,"z":-0.07665793597698212,"w":-0.6709263920783997},"size":1200.8465576171875,"orthographic":false}