{"cameraMode":{"drawMode":0,"name":"Shaded","section":"Shading Mode"},"sceneLighting":true,"audioPlay":false,"sceneViewState":{"showFog":true,"showMaterialUpdate":true,"showSkybox":true,"showFlares":true,"showImageEffects":true,"showParticleSystems":true},"in2DMode":false,"pivot":{"x":-93.34368896484375,"y":-61.4062385559082,"z":15.3165922164917},"rotation":{"x":-0.2359420657157898,"y":0.5871701240539551,"z":-0.18321798741817475,"w":-0.7525382041931152},"size":70.71067810058594,"orthographic":false}